-- MySQL dump 10.13  Distrib 8.0.21, for Linux (x86_64)
--
-- Host: localhost    Database: InternAppDatabase
-- ------------------------------------------------------
-- Server version	8.0.21-0ubuntu0.20.04.4

/*!40101 SET @OLD_CHARACTER_SET_CLIENT=@@CHARACTER_SET_CLIENT */;
/*!40101 SET @OLD_CHARACTER_SET_RESULTS=@@CHARACTER_SET_RESULTS */;
/*!40101 SET @OLD_COLLATION_CONNECTION=@@COLLATION_CONNECTION */;
/*!50503 SET NAMES utf8mb4 */;
/*!40103 SET @OLD_TIME_ZONE=@@TIME_ZONE */;
/*!40103 SET TIME_ZONE='+00:00' */;
/*!40014 SET @OLD_UNIQUE_CHECKS=@@UNIQUE_CHECKS, UNIQUE_CHECKS=0 */;
/*!40014 SET @OLD_FOREIGN_KEY_CHECKS=@@FOREIGN_KEY_CHECKS, FOREIGN_KEY_CHECKS=0 */;
/*!40101 SET @OLD_SQL_MODE=@@SQL_MODE, SQL_MODE='NO_AUTO_VALUE_ON_ZERO' */;
/*!40111 SET @OLD_SQL_NOTES=@@SQL_NOTES, SQL_NOTES=0 */;

--
-- Table structure for table `ar_internal_metadata`
--

DROP TABLE IF EXISTS `ar_internal_metadata`;
/*!40101 SET @saved_cs_client     = @@character_set_client */;
/*!50503 SET character_set_client = utf8mb4 */;
CREATE TABLE `ar_internal_metadata` (
  `key` varchar(255) NOT NULL,
  `value` varchar(255) DEFAULT NULL,
  `created_at` datetime(6) NOT NULL,
  `updated_at` datetime(6) NOT NULL,
  PRIMARY KEY (`key`)
) ENGINE=InnoDB DEFAULT CHARSET=utf8mb4 COLLATE=utf8mb4_0900_ai_ci;
/*!40101 SET character_set_client = @saved_cs_client */;

--
-- Dumping data for table `ar_internal_metadata`
--

LOCK TABLES `ar_internal_metadata` WRITE;
/*!40000 ALTER TABLE `ar_internal_metadata` DISABLE KEYS */;
INSERT INTO `ar_internal_metadata` VALUES ('environment','development','2020-08-29 11:06:42.739415','2020-08-29 11:06:42.739415');
/*!40000 ALTER TABLE `ar_internal_metadata` ENABLE KEYS */;
UNLOCK TABLES;

--
-- Table structure for table `belongs`
--

DROP TABLE IF EXISTS `belongs`;
/*!40101 SET @saved_cs_client     = @@character_set_client */;
/*!50503 SET character_set_client = utf8mb4 */;
CREATE TABLE `belongs` (
  `user_id` char(10) DEFAULT NULL,
  `manager_user_id` char(10) DEFAULT NULL,
  `department_id` char(4) DEFAULT NULL
) ENGINE=InnoDB DEFAULT CHARSET=utf8mb4 COLLATE=utf8mb4_0900_ai_ci;
/*!40101 SET character_set_client = @saved_cs_client */;

--
-- Dumping data for table `belongs`
--

LOCK TABLES `belongs` WRITE;
/*!40000 ALTER TABLE `belongs` DISABLE KEYS */;
INSERT INTO `belongs` VALUES ('H184100001','H184100001','A101'),('H184100002','H184100001','A101'),('H184100003','H184100001','A101'),('H184100004','H184100001','A101'),('H184200001','H184200001','A102'),('H184200002','H184200001','A102');
/*!40000 ALTER TABLE `belongs` ENABLE KEYS */;
UNLOCK TABLES;

--
-- Table structure for table `departments`
--

DROP TABLE IF EXISTS `departments`;
/*!40101 SET @saved_cs_client     = @@character_set_client */;
/*!50503 SET character_set_client = utf8mb4 */;
CREATE TABLE `departments` (
  `id` varchar(10) DEFAULT NULL,
  `name` varchar(50) DEFAULT NULL
) ENGINE=InnoDB DEFAULT CHARSET=utf8mb4 COLLATE=utf8mb4_0900_ai_ci;
/*!40101 SET character_set_client = @saved_cs_client */;

--
-- Dumping data for table `departments`
--

LOCK TABLES `departments` WRITE;
/*!40000 ALTER TABLE `departments` DISABLE KEYS */;
INSERT INTO `departments` VALUES ('A101','営業部'),('A102','製造部');
/*!40000 ALTER TABLE `departments` ENABLE KEYS */;
UNLOCK TABLES;

--
-- Table structure for table `reports`
--

DROP TABLE IF EXISTS `reports`;
/*!40101 SET @saved_cs_client     = @@character_set_client */;
/*!50503 SET character_set_client = utf8mb4 */;
CREATE TABLE `reports` (
  `user_id` char(10) DEFAULT NULL,
  `period` varchar(7) DEFAULT NULL,
  `date` varchar(2) DEFAULT NULL,
  `start_time` time DEFAULT NULL,
  `finish_time` time DEFAULT NULL,
  `wday` char(1) DEFAULT NULL,
  `manager_check` tinyint(1) DEFAULT NULL,
  `working_time` float DEFAULT NULL,
  `break_time` int DEFAULT NULL
) ENGINE=InnoDB DEFAULT CHARSET=utf8mb4 COLLATE=utf8mb4_0900_ai_ci;
/*!40101 SET character_set_client = @saved_cs_client */;

--
-- Dumping data for table `reports`
--

LOCK TABLES `reports` WRITE;
/*!40000 ALTER TABLE `reports` DISABLE KEYS */;
INSERT INTO `reports` VALUES ('H184100002','2020-9','1','12:00:00','19:00:00','火',0,6,60),('H184100002','2020-9','2','12:00:00','19:00:00','水',0,6,60),('H184100002','2020-9','3','12:00:00','19:00:00','木',0,6,60),('H184100002','2020-9','4','12:00:00','19:00:00','金',0,6,60),('H184100002','2020-9','5','12:00:00','19:00:00','土',0,6,60),('H184100002','2020-9','6','12:00:00','19:00:00','日',0,6,60),('H184100002','2020-9','7','12:00:00','19:00:00','月',0,6,60),('H184100002','2020-9','8','12:00:00','19:00:00','火',0,6,60),('H184100002','2020-9','9','12:00:00','19:00:00','水',0,6,60),('H184100002','2020-9','10','12:00:00','19:00:00','木',0,6,60),('H184100002','2020-9','11','12:00:00','19:00:00','金',0,6,60),('H184100002','2020-9','12','12:00:00','19:00:00','土',0,6,60),('H184100002','2020-9','13','12:00:00','19:00:00','日',0,6,60),('H184100002','2020-9','14','12:00:00','19:00:00','月',0,6,60),('H184100002','2020-9','15','12:00:00','19:00:00','火',0,6,60),('H184100002','2020-9','16','12:00:00','19:00:00','水',0,6,60),('H184100002','2020-9','17','12:00:00','19:00:00','木',0,6,60),('H184100002','2020-9','18','12:00:00','19:00:00','金',0,6,60),('H184100002','2020-9','19','12:00:00','19:00:00','土',0,6,60),('H184100002','2020-9','20','12:00:00','19:00:00','日',0,6,60),('H184100002','2020-9','21','12:00:00','19:00:00','月',0,6,60),('H184100002','2020-9','22','12:00:00','19:00:00','火',0,6,60),('H184100002','2020-9','23','12:00:00','19:00:00','水',0,6,60),('H184100002','2020-9','24','12:00:00','19:00:00','木',0,6,60),('H184100002','2020-9','25','12:00:00','19:00:00','金',0,6,60),('H184100002','2020-9','26','12:00:00','19:00:00','土',0,6,60),('H184100002','2020-9','27','12:00:00','19:00:00','日',0,6,60),('H184100002','2020-9','28','12:00:00','19:00:00','月',0,6,60),('H184100002','2020-9','29','12:00:00','19:00:00','火',0,6,60),('H184100002','2020-9','30','09:43:00','19:00:00','水',0,8.28333,60),('H184100003','2020-9','1','12:00:00','19:00:00','火',1,6,60),('H184100003','2020-9','2','12:00:00','19:00:00','水',1,6,60),('H184100003','2020-9','3','12:00:00','19:00:00','木',1,6,60),('H184100003','2020-9','4','12:00:00','19:00:00','金',1,6,60),('H184100003','2020-9','5','12:00:00','19:00:00','土',1,6,60),('H184100003','2020-9','6','12:00:00','19:00:00','日',1,6,60),('H184100003','2020-9','7','12:00:00','19:00:00','月',1,6,60),('H184100003','2020-9','8','12:00:00','19:00:00','火',1,6,60),('H184100003','2020-9','9','12:00:00','19:00:00','水',1,6,60),('H184100003','2020-9','10','12:00:00','19:00:00','木',1,6,60),('H184100003','2020-9','11','12:00:00','19:00:00','金',1,6,60),('H184100003','2020-9','12','12:00:00','19:00:00','土',1,6,60),('H184100003','2020-9','13','12:00:00','19:00:00','日',1,6,60),('H184100003','2020-9','14','12:00:00','19:00:00','月',1,6,60),('H184100003','2020-9','15','12:00:00','19:00:00','火',1,6,60),('H184100003','2020-9','16','12:00:00','19:00:00','水',1,6,60),('H184100003','2020-9','17','12:00:00','19:00:00','木',1,6,60),('H184100003','2020-9','18','12:00:00','19:00:00','金',1,6,60),('H184100003','2020-9','19','12:00:00','19:00:00','土',1,6,60),('H184100003','2020-9','20','12:00:00','19:00:00','日',1,6,60),('H184100003','2020-9','21','12:00:00','19:00:00','月',1,6,60),('H184100003','2020-9','22','12:00:00','19:00:00','火',1,6,60),('H184100003','2020-9','23','12:00:00','19:00:00','水',1,6,60),('H184100003','2020-9','24','12:00:00','19:00:00','木',1,6,60),('H184100003','2020-9','25','12:00:00','19:00:00','金',1,6,60),('H184100003','2020-9','26','12:00:00','19:00:00','土',1,6,60),('H184100003','2020-9','27','12:00:00','19:00:00','日',1,6,60),('H184100003','2020-9','28','12:00:00','19:00:00','月',1,6,60),('H184100003','2020-9','29','12:00:00','19:00:00','火',1,6,60),('H184100003','2020-9','30','12:00:00','19:00:00','水',1,6,60),('H184100002','2020-8','1',NULL,NULL,'土',0,0,NULL),('H184100002','2020-8','2',NULL,NULL,'日',0,0,NULL),('H184100002','2020-8','3',NULL,NULL,'月',0,0,NULL),('H184100002','2020-8','4',NULL,NULL,'火',0,0,NULL),('H184100002','2020-8','5',NULL,NULL,'水',0,0,NULL),('H184100002','2020-8','6',NULL,NULL,'木',0,0,NULL),('H184100002','2020-8','7',NULL,NULL,'金',0,0,NULL),('H184100002','2020-8','8',NULL,NULL,'土',0,0,NULL),('H184100002','2020-8','9',NULL,NULL,'日',0,0,NULL),('H184100002','2020-8','10',NULL,NULL,'月',0,0,NULL),('H184100002','2020-8','11',NULL,NULL,'火',0,0,NULL),('H184100002','2020-8','12',NULL,NULL,'水',0,0,NULL),('H184100002','2020-8','13',NULL,NULL,'木',0,0,NULL),('H184100002','2020-8','14',NULL,NULL,'金',0,0,NULL),('H184100002','2020-8','15',NULL,NULL,'土',0,0,NULL),('H184100002','2020-8','16',NULL,NULL,'日',0,0,NULL),('H184100002','2020-8','17',NULL,NULL,'月',0,0,NULL),('H184100002','2020-8','18',NULL,NULL,'火',0,0,NULL),('H184100002','2020-8','19',NULL,NULL,'水',0,0,NULL),('H184100002','2020-8','20',NULL,NULL,'木',0,0,NULL),('H184100002','2020-8','21',NULL,NULL,'金',0,0,NULL),('H184100002','2020-8','22',NULL,NULL,'土',0,0,NULL),('H184100002','2020-8','23',NULL,NULL,'日',0,0,NULL),('H184100002','2020-8','24',NULL,NULL,'月',0,0,NULL),('H184100002','2020-8','25',NULL,NULL,'火',0,0,NULL),('H184100002','2020-8','26',NULL,NULL,'水',0,0,NULL),('H184100002','2020-8','27',NULL,NULL,'木',0,0,NULL),('H184100002','2020-8','28',NULL,NULL,'金',0,0,NULL),('H184100002','2020-8','29',NULL,NULL,'土',0,0,NULL),('H184100002','2020-8','30',NULL,NULL,'日',0,0,NULL),('H184100002','2020-8','31',NULL,NULL,'月',0,0,NULL),('H184100003','2020-8','1',NULL,NULL,'土',0,0,NULL),('H184100003','2020-8','2',NULL,NULL,'日',0,0,NULL),('H184100003','2020-8','3',NULL,NULL,'月',0,0,NULL),('H184100003','2020-8','4',NULL,NULL,'火',0,0,NULL),('H184100003','2020-8','5',NULL,NULL,'水',0,0,NULL),('H184100003','2020-8','6',NULL,NULL,'木',0,0,NULL),('H184100003','2020-8','7',NULL,NULL,'金',0,0,NULL),('H184100003','2020-8','8',NULL,NULL,'土',0,0,NULL),('H184100003','2020-8','9',NULL,NULL,'日',0,0,NULL),('H184100003','2020-8','10',NULL,NULL,'月',0,0,NULL),('H184100003','2020-8','11',NULL,NULL,'火',0,0,NULL),('H184100003','2020-8','12',NULL,NULL,'水',0,0,NULL),('H184100003','2020-8','13',NULL,NULL,'木',0,0,NULL),('H184100003','2020-8','14',NULL,NULL,'金',0,0,NULL),('H184100003','2020-8','15',NULL,NULL,'土',0,0,NULL),('H184100003','2020-8','16',NULL,NULL,'日',0,0,NULL),('H184100003','2020-8','17',NULL,NULL,'月',0,0,NULL),('H184100003','2020-8','18',NULL,NULL,'火',0,0,NULL),('H184100003','2020-8','19',NULL,NULL,'水',0,0,NULL),('H184100003','2020-8','20',NULL,NULL,'木',0,0,NULL),('H184100003','2020-8','21',NULL,NULL,'金',0,0,NULL),('H184100003','2020-8','22',NULL,NULL,'土',0,0,NULL),('H184100003','2020-8','23',NULL,NULL,'日',0,0,NULL),('H184100003','2020-8','24',NULL,NULL,'月',0,0,NULL),('H184100003','2020-8','25',NULL,NULL,'火',0,0,NULL),('H184100003','2020-8','26',NULL,NULL,'水',0,0,NULL),('H184100003','2020-8','27',NULL,NULL,'木',0,0,NULL),('H184100003','2020-8','28',NULL,NULL,'金',0,0,NULL),('H184100003','2020-8','29',NULL,NULL,'土',0,0,NULL),('H184100003','2020-8','30',NULL,NULL,'日',0,0,NULL),('H184100003','2020-8','31',NULL,NULL,'月',0,0,NULL),('H184100003','2020-6','1',NULL,NULL,'月',0,0,NULL),('H184100003','2020-6','2',NULL,NULL,'火',0,0,NULL),('H184100003','2020-6','3',NULL,NULL,'水',0,0,NULL),('H184100003','2020-6','4',NULL,NULL,'木',0,0,NULL),('H184100003','2020-6','5',NULL,NULL,'金',0,0,NULL),('H184100003','2020-6','6',NULL,NULL,'土',0,0,NULL),('H184100003','2020-6','7',NULL,NULL,'日',0,0,NULL),('H184100003','2020-6','8',NULL,NULL,'月',0,0,NULL),('H184100003','2020-6','9',NULL,NULL,'火',0,0,NULL),('H184100003','2020-6','10',NULL,NULL,'水',0,0,NULL),('H184100003','2020-6','11',NULL,NULL,'木',0,0,NULL),('H184100003','2020-6','12',NULL,NULL,'金',0,0,NULL),('H184100003','2020-6','13',NULL,NULL,'土',0,0,NULL),('H184100003','2020-6','14',NULL,NULL,'日',0,0,NULL),('H184100003','2020-6','15',NULL,NULL,'月',0,0,NULL),('H184100003','2020-6','16',NULL,NULL,'火',0,0,NULL),('H184100003','2020-6','17',NULL,NULL,'水',0,0,NULL),('H184100003','2020-6','18',NULL,NULL,'木',0,0,NULL),('H184100003','2020-6','19',NULL,NULL,'金',0,0,NULL),('H184100003','2020-6','20',NULL,NULL,'土',0,0,NULL),('H184100003','2020-6','21',NULL,NULL,'日',0,0,NULL),('H184100003','2020-6','22',NULL,NULL,'月',0,0,NULL),('H184100003','2020-6','23',NULL,NULL,'火',0,0,NULL),('H184100003','2020-6','24',NULL,NULL,'水',0,0,NULL),('H184100003','2020-6','25',NULL,NULL,'木',0,0,NULL),('H184100003','2020-6','26',NULL,NULL,'金',0,0,NULL),('H184100003','2020-6','27',NULL,NULL,'土',0,0,NULL),('H184100003','2020-6','28',NULL,NULL,'日',0,0,NULL),('H184100003','2020-6','29',NULL,NULL,'月',0,0,NULL),('H184100003','2020-6','30',NULL,NULL,'火',0,0,NULL),('H184100003','2020-5','1',NULL,NULL,'金',0,0,NULL),('H184100003','2020-5','2',NULL,NULL,'土',0,0,NULL),('H184100003','2020-5','3',NULL,NULL,'日',0,0,NULL),('H184100003','2020-5','4',NULL,NULL,'月',0,0,NULL),('H184100003','2020-5','5',NULL,NULL,'火',0,0,NULL),('H184100003','2020-5','6',NULL,NULL,'水',0,0,NULL),('H184100003','2020-5','7',NULL,NULL,'木',0,0,NULL),('H184100003','2020-5','8',NULL,NULL,'金',0,0,NULL),('H184100003','2020-5','9',NULL,NULL,'土',0,0,NULL),('H184100003','2020-5','10',NULL,NULL,'日',0,0,NULL),('H184100003','2020-5','11',NULL,NULL,'月',0,0,NULL),('H184100003','2020-5','12',NULL,NULL,'火',0,0,NULL),('H184100003','2020-5','13',NULL,NULL,'水',0,0,NULL),('H184100003','2020-5','14',NULL,NULL,'木',0,0,NULL),('H184100003','2020-5','15',NULL,NULL,'金',0,0,NULL),('H184100003','2020-5','16',NULL,NULL,'土',0,0,NULL),('H184100003','2020-5','17',NULL,NULL,'日',0,0,NULL),('H184100003','2020-5','18',NULL,NULL,'月',0,0,NULL),('H184100003','2020-5','19',NULL,NULL,'火',0,0,NULL),('H184100003','2020-5','20',NULL,NULL,'水',0,0,NULL),('H184100003','2020-5','21',NULL,NULL,'木',0,0,NULL),('H184100003','2020-5','22',NULL,NULL,'金',0,0,NULL),('H184100003','2020-5','23',NULL,NULL,'土',0,0,NULL),('H184100003','2020-5','24',NULL,NULL,'日',0,0,NULL),('H184100003','2020-5','25',NULL,NULL,'月',0,0,NULL),('H184100003','2020-5','26',NULL,NULL,'火',0,0,NULL),('H184100003','2020-5','27',NULL,NULL,'水',0,0,NULL),('H184100003','2020-5','28',NULL,NULL,'木',0,0,NULL),('H184100003','2020-5','29',NULL,NULL,'金',0,0,NULL),('H184100003','2020-5','30',NULL,NULL,'土',0,0,NULL),('H184100003','2020-5','31',NULL,NULL,'日',0,0,NULL),('H184100004','2020-9','1','12:00:00','19:00:00','火',NULL,6,60),('H184100004','2020-9','2','12:00:00','19:00:00','水',NULL,6,60),('H184100004','2020-9','3','12:00:00','19:00:00','木',NULL,6,60),('H184100004','2020-9','4','12:00:00','19:00:00','金',NULL,6,60),('H184100004','2020-9','5','12:00:00','19:00:00','土',NULL,6,60),('H184100004','2020-9','6','12:00:00','19:00:00','日',NULL,6,60),('H184100004','2020-9','7','12:00:00','19:00:00','月',NULL,6,60),('H184100004','2020-9','8','12:00:00','19:00:00','火',NULL,6,60),('H184100004','2020-9','9','12:00:00','19:00:00','水',NULL,6,60),('H184100004','2020-9','10','12:00:00','19:00:00','木',NULL,6,60),('H184100004','2020-9','11','12:00:00','19:00:00','金',NULL,6,60),('H184100004','2020-9','12','12:00:00','19:00:00','土',NULL,6,60),('H184100004','2020-9','13','12:00:00','19:00:00','日',NULL,6,60),('H184100004','2020-9','14','12:00:00','19:00:00','月',NULL,6,60),('H184100004','2020-9','15','12:00:00','19:00:00','火',NULL,6,60),('H184100004','2020-9','16','12:00:00','19:00:00','水',NULL,6,60),('H184100004','2020-9','17','12:00:00','19:00:00','木',NULL,6,60),('H184100004','2020-9','18','12:00:00','19:00:00','金',NULL,6,60),('H184100004','2020-9','19','12:00:00','19:00:00','土',NULL,6,60),('H184100004','2020-9','20','12:00:00','19:00:00','日',NULL,6,60),('H184100004','2020-9','21','12:00:00','19:00:00','月',NULL,6,60),('H184100004','2020-9','22','12:00:00','19:00:00','火',NULL,6,60),('H184100004','2020-9','23','12:00:00','19:00:00','水',NULL,6,60),('H184100004','2020-9','24','12:00:00','19:00:00','木',NULL,6,60),('H184100004','2020-9','25','12:00:00','19:00:00','金',NULL,6,60),('H184100004','2020-9','26','12:00:00','19:00:00','土',NULL,6,60),('H184100004','2020-9','27','12:00:00','19:00:00','日',NULL,6,60),('H184100004','2020-9','28','12:00:00','19:00:00','月',NULL,6,60),('H184100004','2020-9','29','12:00:00','19:00:00','火',NULL,6,60),('H184100004','2020-9','30','12:00:00','19:00:00','水',NULL,6,60),('h184200002','2020-9','1',NULL,NULL,'火',0,0,NULL),('h184200002','2020-9','2',NULL,NULL,'水',0,0,NULL),('h184200002','2020-9','3',NULL,NULL,'木',0,0,NULL),('h184200002','2020-9','4',NULL,NULL,'金',0,0,NULL),('h184200002','2020-9','5',NULL,NULL,'土',0,0,NULL),('h184200002','2020-9','6',NULL,NULL,'日',0,0,NULL),('h184200002','2020-9','7',NULL,NULL,'月',0,0,NULL),('h184200002','2020-9','8',NULL,NULL,'火',0,0,NULL),('h184200002','2020-9','9',NULL,NULL,'水',0,0,NULL),('h184200002','2020-9','10',NULL,NULL,'木',0,0,NULL),('h184200002','2020-9','11',NULL,NULL,'金',0,0,NULL),('h184200002','2020-9','12',NULL,NULL,'土',0,0,NULL),('h184200002','2020-9','13',NULL,NULL,'日',0,0,NULL),('h184200002','2020-9','14',NULL,NULL,'月',0,0,NULL),('h184200002','2020-9','15',NULL,NULL,'火',0,0,NULL),('h184200002','2020-9','16',NULL,NULL,'水',0,0,NULL),('h184200002','2020-9','17',NULL,NULL,'木',0,0,NULL),('h184200002','2020-9','18',NULL,NULL,'金',0,0,NULL),('h184200002','2020-9','19',NULL,NULL,'土',0,0,NULL),('h184200002','2020-9','20',NULL,NULL,'日',0,0,NULL),('h184200002','2020-9','21',NULL,NULL,'月',0,0,NULL),('h184200002','2020-9','22',NULL,NULL,'火',0,0,NULL),('h184200002','2020-9','23',NULL,NULL,'水',0,0,NULL),('h184200002','2020-9','24',NULL,NULL,'木',0,0,NULL),('h184200002','2020-9','25',NULL,NULL,'金',0,0,NULL),('h184200002','2020-9','26',NULL,NULL,'土',0,0,NULL),('h184200002','2020-9','27',NULL,NULL,'日',0,0,NULL),('h184200002','2020-9','28',NULL,NULL,'月',0,0,NULL),('h184200002','2020-9','29',NULL,NULL,'火',0,0,NULL),('h184200002','2020-9','30',NULL,NULL,'水',0,0,NULL);
/*!40000 ALTER TABLE `reports` ENABLE KEYS */;
UNLOCK TABLES;

--
-- Table structure for table `schema_migrations`
--

DROP TABLE IF EXISTS `schema_migrations`;
/*!40101 SET @saved_cs_client     = @@character_set_client */;
/*!50503 SET character_set_client = utf8mb4 */;
CREATE TABLE `schema_migrations` (
  `version` varchar(255) NOT NULL,
  PRIMARY KEY (`version`)
) ENGINE=InnoDB DEFAULT CHARSET=utf8mb4 COLLATE=utf8mb4_0900_ai_ci;
/*!40101 SET character_set_client = @saved_cs_client */;

--
-- Dumping data for table `schema_migrations`
--

LOCK TABLES `schema_migrations` WRITE;
/*!40000 ALTER TABLE `schema_migrations` DISABLE KEYS */;
INSERT INTO `schema_migrations` VALUES ('20200829104719');
/*!40000 ALTER TABLE `schema_migrations` ENABLE KEYS */;
UNLOCK TABLES;

--
-- Table structure for table `states`
--

DROP TABLE IF EXISTS `states`;
/*!40101 SET @saved_cs_client     = @@character_set_client */;
/*!50503 SET character_set_client = utf8mb4 */;
CREATE TABLE `states` (
  `user_id` char(10) DEFAULT NULL,
  `state` varchar(20) DEFAULT NULL,
  `period` varchar(7) DEFAULT NULL
) ENGINE=InnoDB DEFAULT CHARSET=utf8mb4 COLLATE=utf8mb4_0900_ai_ci;
/*!40101 SET character_set_client = @saved_cs_client */;

--
-- Dumping data for table `states`
--

LOCK TABLES `states` WRITE;
/*!40000 ALTER TABLE `states` DISABLE KEYS */;
INSERT INTO `states` VALUES ('H184100003','編集中','2020-9'),('H184100002','承認済み','2020-8'),('H184100002','編集中','2020-9'),('H184100003','編集中','2020-6'),('H184100003','編集中','2020-5'),('H184100003','編集中','2020-8'),('H184100004','編集中','2020-9'),('h184200002','編集中','2020-9');
/*!40000 ALTER TABLE `states` ENABLE KEYS */;
UNLOCK TABLES;

--
-- Table structure for table `users`
--

DROP TABLE IF EXISTS `users`;
/*!40101 SET @saved_cs_client     = @@character_set_client */;
/*!50503 SET character_set_client = utf8mb4 */;
CREATE TABLE `users` (
  `id` char(10) DEFAULT NULL,
  `name` varchar(60) DEFAULT NULL,
  `password` varchar(30) DEFAULT NULL
) ENGINE=InnoDB DEFAULT CHARSET=utf8mb4 COLLATE=utf8mb4_0900_ai_ci;
/*!40101 SET character_set_client = @saved_cs_client */;

--
-- Dumping data for table `users`
--

LOCK TABLES `users` WRITE;
/*!40000 ALTER TABLE `users` DISABLE KEYS */;
INSERT INTO `users` VALUES ('H184100001','田中','dvbs72bk'),('H184100002','山田','dvbs72bk'),('H184100003','橋本','dvbs72bk'),('H184100004','川口','dvbs72bk'),('H184200001','横田','abcdefg'),('h184200002','溝部','abcdefg');
/*!40000 ALTER TABLE `users` ENABLE KEYS */;
UNLOCK TABLES;
/*!40103 SET TIME_ZONE=@OLD_TIME_ZONE */;

/*!40101 SET SQL_MODE=@OLD_SQL_MODE */;
/*!40014 SET FOREIGN_KEY_CHECKS=@OLD_FOREIGN_KEY_CHECKS */;
/*!40014 SET UNIQUE_CHECKS=@OLD_UNIQUE_CHECKS */;
/*!40101 SET CHARACTER_SET_CLIENT=@OLD_CHARACTER_SET_CLIENT */;
/*!40101 SET CHARACTER_SET_RESULTS=@OLD_CHARACTER_SET_RESULTS */;
/*!40101 SET COLLATION_CONNECTION=@OLD_COLLATION_CONNECTION */;
/*!40111 SET SQL_NOTES=@OLD_SQL_NOTES */;

-- Dump completed on 2020-09-12 19:16:38
